"title","hit","url","title","hit","url","title","hit","url","title","hit","url","title","hit","url","title","hit","url","title","hit","url","title","hit","url","title","hit","url","title","hit","url","title","hit","url"
"그냥 열민당 뽑을래요.","769.9 k","https://www.clien.net/service/board/park/14816408?od=T31&po=0&category=&groupCd","극혐주의) 오늘도 또 막말jpg","769.9 k","https://www.clien.net/service/board/park/14816362?od=T31&po=1&category=&groupCd","비례대표토론회 보니까, 열린민주당의 필요성이...","769.9 k","https://www.clien.net/service/board/park/14816314?od=T31&po=2&category=&groupCd","솔직히 정의당이 제일 마음에 안 들거든요.","769.9 k","https://www.clien.net/service/board/park/14816274?od=T31&po=3&category=&groupCd","지역구에 집중합시다","769.9 k","https://www.clien.net/service/board/park/14816229?od=T31&po=4&category=&groupCd","디즈니플러스 한국지사 개소, 코로나로 개점 휴업 상태","769.9 k","https://www.clien.net/service/board/park/14816181?od=T31&po=5&category=&groupCd","몇해전 마누님께 차를 사줬습니다.","769.9 k","https://www.clien.net/service/board/park/14816143?od=T31&po=6&category=&groupCd","그나마 페미니즘을 비판하는 분들을 보면..","769.9 k","https://www.clien.net/service/board/park/14816097?od=T31&po=7&category=&groupCd","'모비우스' 개봉도 연기되었군요","769.9 k","https://www.clien.net/service/board/park/14816052?od=T31&po=8&category=&groupCd","비례는 12번으로 부모님도 섭외 했습니다.","769.9 k","https://www.clien.net/service/board/park/14816006?od=T31&po=9&category=&groupCd","비례는 12번으로 부모님도 섭외 했습니다.","769.9 k","https://www.clien.net/service/board/park/14816006?od=T31&po=9&category=&groupCd"
"교통량이 줄어들어 쾌청한 LA 스카이라인.jpg","127.3 k","https://www.clien.net/service/board/park/14816407?od=T31&po=0&category=&groupCd","저는 열린민주당을 응원합니다만,","127.3 k","https://www.clien.net/service/board/park/14816361?od=T31&po=1&category=&groupCd","정의당 표를 뺏어오기 위해서는 시민당 비례 1~10번이 활약해줘야 합니다.","127.3 k","https://www.clien.net/service/board/park/14816313?od=T31&po=2&category=&groupCd","서울 룸빵 집합금지의 여파","127.3 k","https://www.clien.net/service/board/park/14816270?od=T31&po=3&category=&groupCd","(차명진) 다시 봅니다. '이 XX가 어딜 도망가'","127.3 k","https://www.clien.net/service/board/park/14816227?od=T31&po=4&category=&groupCd","현재 더불어민주당 입장은 옳습니다.","127.3 k","https://www.clien.net/service/board/park/14816180?od=T31&po=5&category=&groupCd","일본을 보면 가장 적합한 용어는","127.3 k","https://www.clien.net/service/board/park/14816142?od=T31&po=6&category=&groupCd","공작예고 오늘인가보네요.","127.3 k","https://www.clien.net/service/board/park/14816096?od=T31&po=7&category=&groupCd","현수막(Placard)은 플래카드... 저희 집은 시민2 열린1","127.3 k","https://www.clien.net/service/board/park/14816051?od=T31&po=8&category=&groupCd","일본이 필리핀처럼 될까요?","127.3 k","https://www.clien.net/service/board/park/14816005?od=T31&po=9&category=&groupCd","일본이 필리핀처럼 될까요?","127.3 k","https://www.clien.net/service/board/park/14816005?od=T31&po=9&category=&groupCd"
"요즘들어 발견한 일본인들의 습성","1428","https://www.clien.net/service/board/park/14816406?od=T31&po=0&category=&groupCd","일산 마두역 여자화장실서 불법촬영","8","https://www.clien.net/service/board/park/14816359?od=T31&po=1&category=&groupCd","군대가서 만났던 애들...","2345","https://www.clien.net/service/board/park/14816311?od=T31&po=2&category=&groupCd","여기저기 갈라치기 시도하시는 분들","1531","https://www.clien.net/service/board/park/14816269?od=T31&po=3&category=&groupCd","日대사 '韓기업인 예외입국, 어떤 형태든 어려워'","566","https://www.clien.net/service/board/park/14816225?od=T31&po=4&category=&groupCd","갤노트FE에서 노트10으로 바꿨는데 사진 화질이 생각보다...","143","https://www.clien.net/service/board/park/14816179?od=T31&po=5&category=&groupCd","정의당이 민주당 지역구 뒷다리 잡네요...","927","https://www.clien.net/service/board/park/14816140?od=T31&po=6&category=&groupCd","결혼생활이 힘들긴 하는데요...","2143","https://www.clien.net/service/board/park/14816093?od=T31&po=7&category=&groupCd","박형준의 뒷짐지고 사과하기....실수겠죠ㅠㅠ","716","https://www.clien.net/service/board/park/14816049?od=T31&po=8&category=&groupCd","매불쇼 듣는데 김홍걸 ㅡㅡ","567","https://www.clien.net/service/board/park/14816003?od=T31&po=9&category=&groupCd","매불쇼 듣는데 김홍걸 ㅡㅡ","831","https://www.clien.net/service/board/park/14816003?od=T31&po=9&category=&groupCd"
"김종인 포기 발언은 기술 같습니다.","1408","https://www.clien.net/service/board/park/14816404?od=T31&po=0&category=&groupCd","김구라 재혼 곧 하겠네요","33","https://www.clien.net/service/board/park/14816358?od=T31&po=1&category=&groupCd","日 정부 관계자 '백화점엔 속옷을 사러가는 사람도 있을 수 있다.'","450","https://www.clien.net/service/board/park/14816310?od=T31&po=2&category=&groupCd","역시 최강욱!! 비례대표 토론회에서 미래한국당 발골하시네요..","635","https://www.clien.net/service/board/park/14816267?od=T31&po=3&category=&groupCd","범민주 지지합니다","2942","https://www.clien.net/service/board/park/14816224?od=T31&po=4&category=&groupCd","경기 재난기본소득 지급날이네요.","1810","https://www.clien.net/service/board/park/14816178?od=T31&po=5&category=&groupCd","일본은 도쿄 올림픽을 예정대로 개최했어야 ...","2434","https://www.clien.net/service/board/park/14816139?od=T31&po=6&category=&groupCd","샤오미 전동칫솔 가지고 다니기..","740","https://www.clien.net/service/board/park/14816092?od=T31&po=7&category=&groupCd","미통당 주동식 '문재인은 시진핑의 지시를 받는 남한총독'","1980","https://www.clien.net/service/board/park/14816048?od=T31&po=8&category=&groupCd","코로나 사망율.. 이건 의료수준에 따라 다른 것 아닐까요?","391","https://www.clien.net/service/board/park/14816002?od=T31&po=9&category=&groupCd","코로나 사망율.. 이건 의료수준에 따라 다른 것 아닐까요?","1428","https://www.clien.net/service/board/park/14816002?od=T31&po=9&category=&groupCd"
"폴드도 하스스톤 태블릿ui되네요","682","https://www.clien.net/service/board/park/14816403?od=T31&po=0&category=&groupCd","'사냥의 시간'은 넷플릭스 공개도 나가리 되었군요","204","https://www.clien.net/service/board/park/14816356?od=T31&po=1&category=&groupCd","사전선거가 나을까요?","1182","https://www.clien.net/service/board/park/14816309?od=T31&po=2&category=&groupCd","우리나라... 이제 슬슬","781","https://www.clien.net/service/board/park/14816266?od=T31&po=3&category=&groupCd","이 와중에 프랑스는 통행 제한을 4월 15일까지 연장하는 모양입니다.","256","https://www.clien.net/service/board/park/14816223?od=T31&po=4&category=&groupCd","오늘자(9일 0시) 신규확진자(+39명) 지역별/감염 경로별 구분","2997","https://www.clien.net/service/board/park/14816177?od=T31&po=5&category=&groupCd","박원순 '유흥업소 영업정지 보상 어려워'","965","https://www.clien.net/service/board/park/14816136?od=T31&po=6&category=&groupCd","김대호, 차명진보다 더 심각한 망언","1612","https://www.clien.net/service/board/park/14816091?od=T31&po=7&category=&groupCd","형님 먼저, 아우 먼저...","1118","https://www.clien.net/service/board/park/14816047?od=T31&po=8&category=&groupCd","ebs 서버 터진듯","4656","https://www.clien.net/service/board/park/14816001?od=T31&po=9&category=&groupCd","ebs 서버 터진듯","1408","https://www.clien.net/service/board/park/14816001?od=T31&po=9&category=&groupCd"
"이수진 나X원 토론?","2273","https://www.clien.net/service/board/park/14816400?od=T31&po=0&category=&groupCd","민생당 박지원 신당 아닌가요?","513","https://www.clien.net/service/board/park/14816354?od=T31&po=1&category=&groupCd","저는 이번에 투표를 못했습니다.","3272","https://www.clien.net/service/board/park/14816306?od=T31&po=2&category=&groupCd","애가 놀이용 방패가 필요 하다고 해서...make.jpg","2317","https://www.clien.net/service/board/park/14816264?od=T31&po=3&category=&groupCd","엑스클라우드 이용해보니 16:9 스마트폰이 끌립니다","2160","https://www.clien.net/service/board/park/14816222?od=T31&po=4&category=&groupCd","비례 개인적인 기준..","155","https://www.clien.net/service/board/park/14816176?od=T31&po=5&category=&groupCd","미스테리 지역구 TOP 3","1279","https://www.clien.net/service/board/park/14816132?od=T31&po=6&category=&groupCd","경기도,성남 재난기본소득은 개인별루 신청이 안되네요^^","1080","https://www.clien.net/service/board/park/14816090?od=T31&po=7&category=&groupCd","역시 노래는 아모르파티.jpg","1888","https://www.clien.net/service/board/park/14816045?od=T31&po=8&category=&groupCd","김종인 '모두 포기 해야 하는 건지 잠시 생각'.jpg","1534","https://www.clien.net/service/board/park/14815998?od=T31&po=9&category=&groupCd","김종인 '모두 포기 해야 하는 건지 잠시 생각'.jpg","682","https://www.clien.net/service/board/park/14815998?od=T31&po=9&category=&groupCd"
"신한포인트도 각종 포인트(엔포인트 등) 전환되는군욥","3395","https://www.clien.net/service/board/park/14816398?od=T31&po=0&category=&groupCd","부산 유니크 뭘까요;;?","141","https://www.clien.net/service/board/park/14816353?od=T31&po=1&category=&groupCd","전기차 택시를 할거면.... 택시 전용 전기차모델이 시급한거같습니다.","856","https://www.clien.net/service/board/park/14816305?od=T31&po=2&category=&groupCd","결혼생활 힘드세요?","325","https://www.clien.net/service/board/park/14816263?od=T31&po=3&category=&groupCd","열린민주당 봉도사 인터뷰 또 올려봅니다~ ^^","758","https://www.clien.net/service/board/park/14816221?od=T31&po=4&category=&groupCd","통합당 선대위원장 '막말 후보, 극히 일부 1%도 안 돼.과대 증폭'","564","https://www.clien.net/service/board/park/14816175?od=T31&po=5&category=&groupCd","아니 한 몸에서 나왔으면 함께 적과 맞서 싸워야지~!!!","937","https://www.clien.net/service/board/park/14816131?od=T31&po=6&category=&groupCd","솔찍히 일본....폭망","2681","https://www.clien.net/service/board/park/14816088?od=T31&po=7&category=&groupCd","JTBC 새브랜드송이","1375","https://www.clien.net/service/board/park/14816043?od=T31&po=8&category=&groupCd","오히려 가벼운 마음으로 열린민주당 선택 할 수있겠네요","1267","https://www.clien.net/service/board/park/14815997?od=T31&po=9&category=&groupCd","오히려 가벼운 마음으로 열린민주당 선택 할 수있겠네요","2274","https://www.clien.net/service/board/park/14815997?od=T31&po=9&category=&groupCd"
"""더불어"" ""민주당"" 입니다!!!","1115","https://www.clien.net/service/board/park/14816395?od=T31&po=0&category=&groupCd","SG워너비 김진호 신곡 댓글.jpg","318","https://www.clien.net/service/board/park/14816350?od=T31&po=1&category=&groupCd","열린민주당... 조막만한 메기지만 그래도 수조 속에 풀어 넣고자 합니다","660","https://www.clien.net/service/board/park/14816304?od=T31&po=2&category=&groupCd","최강욱은 정말 막힘이 없네요","356","https://www.clien.net/service/board/park/14816262?od=T31&po=3&category=&groupCd","코로나 때문에 중고 그래픽 카드 엄청 찾으시나봐요.","1410","https://www.clien.net/service/board/park/14816220?od=T31&po=4&category=&groupCd","의심스러운 BTV업데이트 UI 컬러","375","https://www.clien.net/service/board/park/14816174?od=T31&po=5&category=&groupCd","'여론조사 믿지마' 정세균의 기적을 강남갑 김성곤 후보도 보여주세요","154","https://www.clien.net/service/board/park/14816129?od=T31&po=6&category=&groupCd","오늘부터 여론조사 발표 금지가 우리나라밖에 없다던데","2888","https://www.clien.net/service/board/park/14816086?od=T31&po=7&category=&groupCd","이번 총선을 기점으로 열린민주당이 정의당을 대체합니다","907","https://www.clien.net/service/board/park/14816041?od=T31&po=8&category=&groupCd","비례대표정당에 대한 해찬옹의 설명","2521","https://www.clien.net/service/board/park/14815996?od=T31&po=9&category=&groupCd","비례대표정당에 대한 해찬옹의 설명","3399","https://www.clien.net/service/board/park/14815996?od=T31&po=9&category=&groupCd"
"차명진 막말은 왠지 덮어지는 분위기 같습니다","1092","https://www.clien.net/service/board/park/14816394?od=T31&po=0&category=&groupCd","[일본] TBS news '한국, 의료붕괴가 일어나지 않은 이유'","133","https://www.clien.net/service/board/park/14816347?od=T31&po=1&category=&groupCd","日전문가의 표정관리 ''올림픽 특수' 애초에 작아, 손실도 적다'","325","https://www.clien.net/service/board/park/14816303?od=T31&po=2&category=&groupCd","왜 싸우는지 잘 모르겠어요.","628","https://www.clien.net/service/board/park/14816260?od=T31&po=3&category=&groupCd","용인시 처인구청 확진자에 의한 2차 감염 이야긴 아직 없나보네요","1273","https://www.clien.net/service/board/park/14816219?od=T31&po=4&category=&groupCd","저번엔 한화, 이번에는 DB....","1436","https://www.clien.net/service/board/park/14816173?od=T31&po=5&category=&groupCd","딱 황희석까지만이라도!","754","https://www.clien.net/service/board/park/14816128?od=T31&po=6&category=&groupCd","""여기는 박근혜야"" 60대 남성, 정의당 후보 폭행","955","https://www.clien.net/service/board/park/14816082?od=T31&po=7&category=&groupCd","WHO 총장은 정치적 감각은 제로군요. 세계적인 불행입니다.","2640","https://www.clien.net/service/board/park/14816039?od=T31&po=8&category=&groupCd","일본, 대학생 감염 잇따라..귀성으로 감염 확산 우려","840","https://www.clien.net/service/board/park/14815995?od=T31&po=9&category=&groupCd","일본, 대학생 감염 잇따라..귀성으로 감염 확산 우려","1115","https://www.clien.net/service/board/park/14815995?od=T31&po=9&category=&groupCd"
"가짜뉴스 퇴치하는 방법 제안","1503","https://www.clien.net/service/board/park/14816393?od=T31&po=0&category=&groupCd","[선거관련] 안타까운 현실입니다.","335","https://www.clien.net/service/board/park/14816346?od=T31&po=1&category=&groupCd","강남 교보문고...","1654","https://www.clien.net/service/board/park/14816302?od=T31&po=2&category=&groupCd","오늘 할 일을 다 끝낸 직장인...... 뭐하죠...?","1060","https://www.clien.net/service/board/park/14816258?od=T31&po=3&category=&groupCd","비례갖고 왜 자꾸 험한 말들 하시나요?","2124","https://www.clien.net/service/board/park/14816215?od=T31&po=4&category=&groupCd","캐어받는 선수.gif","682","https://www.clien.net/service/board/park/14816172?od=T31&po=5&category=&groupCd","Evernote Preview 나왔네요.","1102","https://www.clien.net/service/board/park/14816127?od=T31&po=6&category=&groupCd","코로나바이러스감염증-19 국내 발생 현황(4월 9일, 0시 기준)","2201","https://www.clien.net/service/board/park/14816081?od=T31&po=7&category=&groupCd","대구사는 울 마누라: 투표 코로나를 뚫고도 꼭해야한다.txt","1192","https://www.clien.net/service/board/park/14816038?od=T31&po=8&category=&groupCd","스타벅스 고객 10명 중 6명은 '얼죽아'…콜드브루, 점유율 20%","1251","https://www.clien.net/service/board/park/14815994?od=T31&po=9&category=&groupCd","스타벅스 고객 10명 중 6명은 '얼죽아'…콜드브루, 점유율 20%","1093","https://www.clien.net/service/board/park/14815994?od=T31&po=9&category=&groupCd"
"미래한국당 조태용 ‘대한의협은 감염병 전문 조직입니다.’","2349","https://www.clien.net/service/board/park/14816392?od=T31&po=0&category=&groupCd","지구 최강의 생명력을 가진 생물.jpg","371","https://www.clien.net/service/board/park/14816344?od=T31&po=1&category=&groupCd","주한미대사관 페이스북","2043","https://www.clien.net/service/board/park/14816301?od=T31&po=2&category=&groupCd","오영환 소방관의 본모습","1834","https://www.clien.net/service/board/park/14816257?od=T31&po=3&category=&groupCd","당 대표급들 대국민 사과하는데.. 차명진, 세월호 문란행위자 사과 요구","383","https://www.clien.net/service/board/park/14816213?od=T31&po=4&category=&groupCd","&nbsp;""거수경례 안 하면 큰일"".. 아파트 입주자대표 황제 의전 논란","692","https://www.clien.net/service/board/park/14816171?od=T31&po=5&category=&groupCd","국립현대박물관","619","https://www.clien.net/service/board/park/14816126?od=T31&po=6&category=&groupCd","kt LTE요금제는 개똥같군요.","709","https://www.clien.net/service/board/park/14816079?od=T31&po=7&category=&groupCd","19 너무나도 짧았던 6분간의 추억 ㅠㅠ","1804","https://www.clien.net/service/board/park/14816034?od=T31&po=8&category=&groupCd","유은혜 '역사상 첫 온라인 개학…미래로 나가는 새로운 도전'","1043","https://www.clien.net/service/board/park/14815993?od=T31&po=9&category=&groupCd","유은혜 '역사상 첫 온라인 개학…미래로 나가는 새로운 도전'","1504","https://www.clien.net/service/board/park/14815993?od=T31&po=9&category=&groupCd"
"곧 선거네요 알아서 잘 찍어요","1157","https://www.clien.net/service/board/park/14816391?od=T31&po=0&category=&groupCd","사냥의 시간 넷플 개봉은 쉽지 않은 문제네요.","82","https://www.clien.net/service/board/park/14816341?od=T31&po=1&category=&groupCd","또 터진 미통당 막말","863","https://www.clien.net/service/board/park/14816299?od=T31&po=2&category=&groupCd","4/9일 국내 코로나 현황 (31번 악몽 탈출)","1799","https://www.clien.net/service/board/park/14816255?od=T31&po=3&category=&groupCd","더불어시민당 공약이 없네요","545","https://www.clien.net/service/board/park/14816211?od=T31&po=4&category=&groupCd","넷플릭스 '베르사유' 이 ㅊㅈ 너무 예쁜거 같아요.ㄷㄷ","669","https://www.clien.net/service/board/park/14816170?od=T31&po=5&category=&groupCd","접대부가 접촉한 117명중 75명 음성","2528","https://www.clien.net/service/board/park/14816125?od=T31&po=6&category=&groupCd","와이프가 딜을 걸어왔습니다.","1080","https://www.clien.net/service/board/park/14816077?od=T31&po=7&category=&groupCd","클리앙에 비례는 정의당 생각중이신분들께 부탁드립니다.","1154","https://www.clien.net/service/board/park/14816033?od=T31&po=8&category=&groupCd","[갈라치기/분란 글에 달 수 있는 댓글]입니다. 마음대로 퍼가세요.","2273","https://www.clien.net/service/board/park/14815992?od=T31&po=9&category=&groupCd","[갈라치기/분란 글에 달 수 있는 댓글]입니다. 마음대로 퍼가세요.","2349","https://www.clien.net/service/board/park/14815992?od=T31&po=9&category=&groupCd"
"한국 무시하더니..'일본은 엉망진창 '도쿄붕괴' 시나리오까지'","398","https://www.clien.net/service/board/park/14816389?od=T31&po=0&category=&groupCd","미래통합당 주동식 후보 제명을 촉구합니다.","492","https://www.clien.net/service/board/park/14816340?od=T31&po=1&category=&groupCd","도쿄 소재 일본 대기업 몇개는 오늘 부터 자체 Lockdown 하는군요.","1988","https://www.clien.net/service/board/park/14816298?od=T31&po=2&category=&groupCd","아침부터 ebs 로그인때문에 광탈했어요","2668","https://www.clien.net/service/board/park/14816254?od=T31&po=3&category=&groupCd","며칠전에 본 신박한 초보운전","3607","https://www.clien.net/service/board/park/14816210?od=T31&po=4&category=&groupCd","중독성 있는 태구민, 김성곤 토론회 영상","1306","https://www.clien.net/service/board/park/14816167?od=T31&po=5&category=&groupCd","요리가 참 재밌는 거였군요","2424","https://www.clien.net/service/board/park/14816124?od=T31&po=6&category=&groupCd","신규확진자 39 지역감염자 16 해외유입 23이네요","566","https://www.clien.net/service/board/park/14816076?od=T31&po=7&category=&groupCd","열심히 온라인 수업 구축했는데 먹통이네요.","1074","https://www.clien.net/service/board/park/14816031?od=T31&po=8&category=&groupCd","김종인이 이번엔 잘 질렀네요ㅋㅋ","4396","https://www.clien.net/service/board/park/14815990?od=T31&po=9&category=&groupCd","김종인이 이번엔 잘 질렀네요ㅋㅋ","1157","https://www.clien.net/service/board/park/14815990?od=T31&po=9&category=&groupCd"
"제가 열린민주당 뽑는 기준은 지금 이시점부터 하는 것 보고입니다.","3997","https://www.clien.net/service/board/park/14816388?od=T31&po=0&category=&groupCd","촛불 행정부와 촛불 입법부의 완성이 눈앞에 왔습니다.","137","https://www.clien.net/service/board/park/14816339?od=T31&po=1&category=&groupCd","도미타 日대사 ""韓기업인 예외입국, 어떤 형태든 어려워"".gisa","481","https://www.clien.net/service/board/park/14816297?od=T31&po=2&category=&groupCd","시민당/열린당 네가티브는 빈댓글제안합니다.","3004","https://www.clien.net/service/board/park/14816252?od=T31&po=3&category=&groupCd","이탈리아 사망자 추측해보건데","1676","https://www.clien.net/service/board/park/14816208?od=T31&po=4&category=&groupCd","현직 일본 외노자 발, 일본 상황 및 입국금지 빨리 결정해야 되는 이유...","2560","https://www.clien.net/service/board/park/14816166?od=T31&po=5&category=&groupCd","민주당 보고 몸사리는 정당이라 하시는분들은","2867","https://www.clien.net/service/board/park/14816123?od=T31&po=6&category=&groupCd","노무현의 기준","3602","https://www.clien.net/service/board/park/14816075?od=T31&po=7&category=&groupCd","비례대표 토론회 시작합니다","2243","https://www.clien.net/service/board/park/14816029?od=T31&po=8&category=&groupCd","보험사 소송에…유족들 '억대 빚더미' 앉게 된 사연은","544","https://www.clien.net/service/board/park/14815989?od=T31&po=9&category=&groupCd","보험사 소송에…유족들 '억대 빚더미' 앉게 된 사연은","398","https://www.clien.net/service/board/park/14815989?od=T31&po=9&category=&groupCd"
"게임 운영(패치)가 얼마나 중요한지 보여준 최근 두게임","2009","https://www.clien.net/service/board/park/14816386?od=T31&po=0&category=&groupCd","정보 통제한 아베 총리 탓 도쿄 빅 사이트에서만 45조원 손실","978","https://www.clien.net/service/board/park/14816338?od=T31&po=1&category=&groupCd","한동훈 이동재 모하고 있을까요?","504","https://www.clien.net/service/board/park/14816295?od=T31&po=2&category=&groupCd","韓, 글로벌 '의료기기' 10위…'체외진단' 글로벌 시장 선도","601","https://www.clien.net/service/board/park/14816250?od=T31&po=3&category=&groupCd","같이 보면 재밌는 게시판..ㅎㅎㅎ","570","https://www.clien.net/service/board/park/14816206?od=T31&po=4&category=&groupCd","(원내비 홍보^^) '투표소·마스크 재고 알려준다'…KT 원내비, 생활정보 기능 강화","1031","https://www.clien.net/service/board/park/14816165?od=T31&po=5&category=&groupCd","부부의 세계를 보고 분노한 사람들","1515","https://www.clien.net/service/board/park/14816119?od=T31&po=6&category=&groupCd","속보 코로나19 확진환자 39명 추가","376","https://www.clien.net/service/board/park/14816074?od=T31&po=7&category=&groupCd","사탄이 재난지원금 받을 기세.jpg","2504","https://www.clien.net/service/board/park/14816027?od=T31&po=8&category=&groupCd","중앙 정부는 대구를 빨리 지원해 줘야 합니다","728","https://www.clien.net/service/board/park/14815988?od=T31&po=9&category=&groupCd","중앙 정부는 대구를 빨리 지원해 줘야 합니다","3997","https://www.clien.net/service/board/park/14815988?od=T31&po=9&category=&groupCd"
"공업용 마스크 400개 강제 취소된거 신고했었는데요.","2701","https://www.clien.net/service/board/park/14816385?od=T31&po=0&category=&groupCd","이번에 주변에 제대로 밭 안갈면 둘다 1번찍어요","439","https://www.clien.net/service/board/park/14816337?od=T31&po=1&category=&groupCd","이낙연 후보 종로 연설 듣는 중인데 좋네요","134","https://www.clien.net/service/board/park/14816293?od=T31&po=2&category=&groupCd","저랑 집사람은 비례 투표 나눠서 하기로 했습니다.","1768","https://www.clien.net/service/board/park/14816248?od=T31&po=3&category=&groupCd","정의당의 주치의 없어서 주장 코로나 확신 의견과 별개로 볼필요는 있습니다","511","https://www.clien.net/service/board/park/14816205?od=T31&po=4&category=&groupCd","한국 그림계의 청출어람","1334","https://www.clien.net/service/board/park/14816164?od=T31&po=5&category=&groupCd","저희동네 초등학교 온라인교육 시간표랍니다.","1729","https://www.clien.net/service/board/park/14816118?od=T31&po=6&category=&groupCd","제가 잘 몰라서 그러는데.. 열린민주당..","1142","https://www.clien.net/service/board/park/14816073?od=T31&po=7&category=&groupCd","비례대표 후보자 토론회 합니다. 최강욱...김홍걸","737","https://www.clien.net/service/board/park/14816026?od=T31&po=8&category=&groupCd","태영호, 묻지도 따지지도 말고 찍어달라?","586","https://www.clien.net/service/board/park/14815986?od=T31&po=9&category=&groupCd","태영호, 묻지도 따지지도 말고 찍어달라?","2009","https://www.clien.net/service/board/park/14815986?od=T31&po=9&category=&groupCd"
"부모님들 비례 3번부터 시작인거 잘 모르십니다.","2909","https://www.clien.net/service/board/park/14816383?od=T31&po=0&category=&groupCd","MBC후보자토론회","611","https://www.clien.net/service/board/park/14816335?od=T31&po=1&category=&groupCd","주진형 선생을 웹툰화 해보았습니다.","778","https://www.clien.net/service/board/park/14816291?od=T31&po=2&category=&groupCd","이탈리아 기자에게 답변하는 아베.jpg","903","https://www.clien.net/service/board/park/14816247?od=T31&po=3&category=&groupCd","시원한 바닷물소리","1695","https://www.clien.net/service/board/park/14816204?od=T31&po=4&category=&groupCd","(게임스트리밍) xcloud 베타 참여 후기와 미래전망","1031","https://www.clien.net/service/board/park/14816163?od=T31&po=5&category=&groupCd","아반떼 시승기 영상 풀렸네요","422","https://www.clien.net/service/board/park/14816117?od=T31&po=6&category=&groupCd","[1보] 코로나 39명 늘어 총 1만423명…49일만에 신규확진 40명 아래로","3852","https://www.clien.net/service/board/park/14816072?od=T31&po=7&category=&groupCd","오늘 점심메뉴는 고르셨나요!","1197","https://www.clien.net/service/board/park/14816025?od=T31&po=8&category=&groupCd","오늘도 알수없는 주식","5842","https://www.clien.net/service/board/park/14815985?od=T31&po=9&category=&groupCd","오늘도 알수없는 주식","2702","https://www.clien.net/service/board/park/14815985?od=T31&po=9&category=&groupCd"
"에어컨을 오프에서살지 온라인으로살지 그것이 문제네요...;;;","2009","https://www.clien.net/service/board/park/14816381?od=T31&po=0&category=&groupCd","윤춘장 장모 최씨의 미래!","900","https://www.clien.net/service/board/park/14816334?od=T31&po=1&category=&groupCd","가적들의 비례표 분산(?) 이야기","526","https://www.clien.net/service/board/park/14816288?od=T31&po=2&category=&groupCd","우리공화당/친박신당 중한곳만 표가 나오겠네요","638","https://www.clien.net/service/board/park/14816245?od=T31&po=3&category=&groupCd","야간에 지정차로 위반 신고 쉽지 않네요","400","https://www.clien.net/service/board/park/14816202?od=T31&po=4&category=&groupCd","투 매니 매신져스....","441","https://www.clien.net/service/board/park/14816162?od=T31&po=5&category=&groupCd","집에서 밭갈기가 들어왔습니다","2066","https://www.clien.net/service/board/park/14816116?od=T31&po=6&category=&groupCd","세탁기짤 세번째_rev2.jpg","1802","https://www.clien.net/service/board/park/14816071?od=T31&po=7&category=&groupCd","[펌] 오늘도 눈코 뜰 새 없이 바쁜 주모.ㄷㄷㄷㄷㄷㄷㄷㄷ ㄷjpg","993","https://www.clien.net/service/board/park/14816024?od=T31&po=8&category=&groupCd","요새 하는짓 보면 김종인은","1344","https://www.clien.net/service/board/park/14815984?od=T31&po=9&category=&groupCd","요새 하는짓 보면 김종인은","2910","https://www.clien.net/service/board/park/14815984?od=T31&po=9&category=&groupCd"
"연초펴라","801","https://www.clien.net/service/board/park/14816380?od=T31&po=0&category=&groupCd","혼자 살면 안좋은 점","414","https://www.clien.net/service/board/park/14816333?od=T31&po=1&category=&groupCd","본가가 친민주당이신분들 다들 점검해보세요.","697","https://www.clien.net/service/board/park/14816287?od=T31&po=2&category=&groupCd","오늘따라 넘나 좋은 \(ㅇㅁㅇ)/ '그것'에 대한 이야기가 많군요","1952","https://www.clien.net/service/board/park/14816244?od=T31&po=3&category=&groupCd","조 로건, '바이든? 차라리 트럼프'","4166","https://www.clien.net/service/board/park/14816201?od=T31&po=4&category=&groupCd","일본 대학에서 만든 로봇.gif","216","https://www.clien.net/service/board/park/14816160?od=T31&po=5&category=&groupCd","강남갑 태구민(태영호)은 국정원 자료 까야죠.","481","https://www.clien.net/service/board/park/14816115?od=T31&po=6&category=&groupCd","태구민 강남갑 플래카드 진짜 웃긴 공약 ㅋ","1694","https://www.clien.net/service/board/park/14816070?od=T31&po=7&category=&groupCd","어떻게 하면 제목 이상하게 지을 수 있을까 결정판.gisa","2264","https://www.clien.net/service/board/park/14816023?od=T31&po=8&category=&groupCd","코로나사태 장기화되니 힘든건 맞습니다","381","https://www.clien.net/service/board/park/14815983?od=T31&po=9&category=&groupCd","코로나사태 장기화되니 힘든건 맞습니다","2009","https://www.clien.net/service/board/park/14815983?od=T31&po=9&category=&groupCd"
"자꾸 시민vs열린으로 싸우면","1369","https://www.clien.net/service/board/park/14816379?od=T31&po=0&category=&groupCd","금연 4개월차인데 별로 도움이 안됩니다..","233","https://www.clien.net/service/board/park/14816331?od=T31&po=1&category=&groupCd","혼자 살아서 안 좋은 점","689","https://www.clien.net/service/board/park/14816286?od=T31&po=2&category=&groupCd","날이면 날마다 터지는 미통수류탄에 매우 감사합니다","407","https://www.clien.net/service/board/park/14816242?od=T31&po=3&category=&groupCd","[석유전쟁] 트럼프 'OPEC+ 감산 합의 안 되면 옵션'...보복 시사","396","https://www.clien.net/service/board/park/14816199?od=T31&po=4&category=&groupCd","조카에게 노트북을 해줬는데 일주일만에 고장;;","204","https://www.clien.net/service/board/park/14816159?od=T31&po=5&category=&groupCd","처음 면접관이 되는데요...뭘 물어봐야 할지..난감하네요...","936","https://www.clien.net/service/board/park/14816112?od=T31&po=6&category=&groupCd","역시 백선생님!!","643","https://www.clien.net/service/board/park/14816069?od=T31&po=7&category=&groupCd","황기철 후보는 이제부터 시작입니다","1825","https://www.clien.net/service/board/park/14816021?od=T31&po=8&category=&groupCd","판데믹 중 어느 캐나다 호텔 근황","4759","https://www.clien.net/service/board/park/14815982?od=T31&po=9&category=&groupCd","판데믹 중 어느 캐나다 호텔 근황","801","https://www.clien.net/service/board/park/14815982?od=T31&po=9&category=&groupCd"
"세월호 텐트가 사실이라면","6307","https://www.clien.net/service/board/park/14816378?od=T31&po=0&category=&groupCd","라디오 광고중 격리나라?!","575","https://www.clien.net/service/board/park/14816328?od=T31&po=1&category=&groupCd","공감받지 못할 고민들이 있으시겠죠??","1686","https://www.clien.net/service/board/park/14816285?od=T31&po=2&category=&groupCd","특이했던 결혼 얘기","775","https://www.clien.net/service/board/park/14816240?od=T31&po=3&category=&groupCd","킹스맨 1:시크릿 에이전트 발렌타인(사무엘 잭슨) 대사가 지금 상황에 와보니 공감이.","394","https://www.clien.net/service/board/park/14816198?od=T31&po=4&category=&groupCd","밭까지는 아니고 비례가 어려우니 설명드리려고 엄마한테 어디 찍냐고 물어보니","1533","https://www.clien.net/service/board/park/14816157?od=T31&po=5&category=&groupCd","유흥업소 코로나 진정되나...","3456","https://www.clien.net/service/board/park/14816111?od=T31&po=6&category=&groupCd","창 밖 보는 거 좋아하세요?","1639","https://www.clien.net/service/board/park/14816066?od=T31&po=7&category=&groupCd","7살 딸의 장난전화 ㅜㅠ","2898","https://www.clien.net/service/board/park/14816020?od=T31&po=8&category=&groupCd","진해 황기철 후보 긍정적이네요..","816","https://www.clien.net/service/board/park/14815981?od=T31&po=9&category=&groupCd","진해 황기철 후보 긍정적이네요..","1369","https://www.clien.net/service/board/park/14815981?od=T31&po=9&category=&groupCd"
"김상혁씨는 이혼한 모양이군요.","1970","https://www.clien.net/service/board/park/14816377?od=T31&po=0&category=&groupCd","정의당 표를 가져오려면 민주당이 대놓고 때려버려야 됩니다.","454","https://www.clien.net/service/board/park/14816327?od=T31&po=1&category=&groupCd","함박스테이크 1 vs 2.jpg","444","https://www.clien.net/service/board/park/14816284?od=T31&po=2&category=&groupCd","넷플릭스, 사냥의 시간 공개 보류 결정","730","https://www.clien.net/service/board/park/14816239?od=T31&po=3&category=&groupCd","릴레이974일) 장충기 삼성공화국과 적폐청산 그날까지!!","367","https://www.clien.net/service/board/park/14816197?od=T31&po=4&category=&groupCd","미통닭 대학생 지원요 ㅎㅎㅎ","778","https://www.clien.net/service/board/park/14816154?od=T31&po=5&category=&groupCd","우리집 고양이가 집을 나갔다.jpg","1258","https://www.clien.net/service/board/park/14816109?od=T31&po=6&category=&groupCd","네스호 괴물의 진실","1143","https://www.clien.net/service/board/park/14816065?od=T31&po=7&category=&groupCd","동네 벚꽃이 끝물이네요.jpg","1705","https://www.clien.net/service/board/park/14816018?od=T31&po=8&category=&groupCd","90kg 스쿼트하는 ㅊㅈ.gif","1221","https://www.clien.net/service/board/park/14815980?od=T31&po=9&category=&groupCd","90kg 스쿼트하는 ㅊㅈ.gif","6309","https://www.clien.net/service/board/park/14815980?od=T31&po=9&category=&groupCd"
"인천의 아들 이천수.kleaguemanse","6582","https://www.clien.net/service/board/park/14816376?od=T31&po=0&category=&groupCd","내일부터 사전투표인데, 열린당, 시민당 갈라치기하지 마세요","1323","https://www.clien.net/service/board/park/14816326?od=T31&po=1&category=&groupCd","한국 무시하더니..'일본은 엉망진창 '도쿄붕괴' 시나리오까지'","449","https://www.clien.net/service/board/park/14816283?od=T31&po=2&category=&groupCd","비례후보자 토론 잠시 들었는데..","167","https://www.clien.net/service/board/park/14816238?od=T31&po=3&category=&groupCd","제가 더불어 형제로 가는 이유","1083","https://www.clien.net/service/board/park/14816196?od=T31&po=4&category=&groupCd","김총수의 열린민주당에 대한 스텐스?","1386","https://www.clien.net/service/board/park/14816153?od=T31&po=5&category=&groupCd","재택근무하니까 전화 엄청 오네요","340","https://www.clien.net/service/board/park/14816108?od=T31&po=6&category=&groupCd","일본, 천마스크 배급 예산 466억엔 ㄷㄷ","1906","https://www.clien.net/service/board/park/14816064?od=T31&po=7&category=&groupCd","어제 새벽에 뒤에서 누가쳐다보는거같아서","205","https://www.clien.net/service/board/park/14816017?od=T31&po=8&category=&groupCd","'일본 4~6월 GDP, 65년만에 최악 마이너스 성장'","3316","https://www.clien.net/service/board/park/14815979?od=T31&po=9&category=&groupCd","'일본 4~6월 GDP, 65년만에 최악 마이너스 성장'","1972","https://www.clien.net/service/board/park/14815979?od=T31&po=9&category=&groupCd"
"YTN은 2nd wave를 직역하는군요.jpg","1821","https://www.clien.net/service/board/park/14816375?od=T31&po=0&category=&groupCd","결혼이 힘든 게 아니라 자식이 힘든 것 같아요.","1481","https://www.clien.net/service/board/park/14816325?od=T31&po=1&category=&groupCd","이마트 왕뚜껑 1+1 940원 하네요","689","https://www.clien.net/service/board/park/14816282?od=T31&po=2&category=&groupCd","역시 시민당과 열민당 갈라치기 들어오네요...","1721","https://www.clien.net/service/board/park/14816237?od=T31&po=3&category=&groupCd","통합당 사과했지만..차명진 '세월호텐트 내 문란행위자가 사과해야'","1906","https://www.clien.net/service/board/park/14816194?od=T31&po=4&category=&groupCd","LG전자, 전략 스마트폰 디자인 렌더링 공개","170","https://www.clien.net/service/board/park/14816152?od=T31&po=5&category=&groupCd","비례후보토론회.. 미래한국당 후보가 북한위협 얘기하는데","2090","https://www.clien.net/service/board/park/14816106?od=T31&po=6&category=&groupCd","선거 홍보 문자 오는건 왜 다 미래통합당인지","2432","https://www.clien.net/service/board/park/14816063?od=T31&po=7&category=&groupCd","강남갑에 유선40프로 넣는 뉴시스....","2448","https://www.clien.net/service/board/park/14816014?od=T31&po=8&category=&groupCd","2020년 미국 삼성전자 갤럭시 A 시리즈 라인업","1828","https://www.clien.net/service/board/park/14815978?od=T31&po=9&category=&groupCd","2020년 미국 삼성전자 갤럭시 A 시리즈 라인업","6585","https://www.clien.net/service/board/park/14815978?od=T31&po=9&category=&groupCd"
"제 1표를 나눌수 있었으면 좋겠습니다","1525","https://www.clien.net/service/board/park/14816374?od=T31&po=0&category=&groupCd","어떤 입장이건 서로 감정 상하게 할 말은 안하는게 좋을거 같아요.","910","https://www.clien.net/service/board/park/14816322?od=T31&po=1&category=&groupCd","지금은 쉬어가는 타이밍같군요","658","https://www.clien.net/service/board/park/14816280?od=T31&po=2&category=&groupCd","결혼하는 방법 기초강좌","2520","https://www.clien.net/service/board/park/14816236?od=T31&po=3&category=&groupCd","월광 소나타 1악장","513","https://www.clien.net/service/board/park/14816190?od=T31&po=4&category=&groupCd","안산 단원乙 김남국후보 중앙역 아침인사(4월9일 7시)","904","https://www.clien.net/service/board/park/14816151?od=T31&po=5&category=&groupCd","아침입니다 일어나야죠","1238","https://www.clien.net/service/board/park/14816104?od=T31&po=6&category=&groupCd","[간혈적단식] 5-2 23시간 단식 도전합니다~!","827","https://www.clien.net/service/board/park/14816062?od=T31&po=7&category=&groupCd","박형준이 사과하는 방법.jpg","2816","https://www.clien.net/service/board/park/14816012?od=T31&po=8&category=&groupCd","우리나라 부자들의 단면을 볼 수 있는 강남갑이네요","657","https://www.clien.net/service/board/park/14815977?od=T31&po=9&category=&groupCd","우리나라 부자들의 단면을 볼 수 있는 강남갑이네요","1821","https://www.clien.net/service/board/park/14815977?od=T31&po=9&category=&groupCd"
"아시아경제 손선희 기자의 해석방법.jpg","3485","https://www.clien.net/service/board/park/14816371?od=T31&po=0&category=&groupCd","신한 페이판 으로 스타벅스 오더가 가능하네요.","1036","https://www.clien.net/service/board/park/14816321?od=T31&po=1&category=&groupCd","인터넷 표류하다 마쯔다3라는 차를 봤는대요","699","https://www.clien.net/service/board/park/14816279?od=T31&po=2&category=&groupCd","민주당은 말 한마디로 수십석 잃은 적이","1264","https://www.clien.net/service/board/park/14816235?od=T31&po=3&category=&groupCd","정말 너무 너무 바쁜날.","1679","https://www.clien.net/service/board/park/14816189?od=T31&po=4&category=&groupCd","미국은 참 아이러니 하네요..","2161","https://www.clien.net/service/board/park/14816149?od=T31&po=5&category=&groupCd","강남 갑 지역구 지난 총선 결과와 소속 동","1776","https://www.clien.net/service/board/park/14816103?od=T31&po=6&category=&groupCd","미래통합당 후보, 또 세월호 유족들에 욕설 jpg.","650","https://www.clien.net/service/board/park/14816058?od=T31&po=7&category=&groupCd","무료드림: LG27인치 모니터(전원문제있음)","201","https://www.clien.net/service/board/park/14816011?od=T31&po=8&category=&groupCd","당신에게 있어서 비빔국수란 무엇입니까?.jpg","2048","https://www.clien.net/service/board/park/14815976?od=T31&po=9&category=&groupCd","당신에게 있어서 비빔국수란 무엇입니까?.jpg","1525","https://www.clien.net/service/board/park/14815976?od=T31&po=9&category=&groupCd"
"미통당 후보 '앞으로 매달 세월호 하나씩만 만들어 침몰시키자'","2382","https://www.clien.net/service/board/park/14816367?od=T31&po=0&category=&groupCd","석탄 도시락?","136","https://www.clien.net/service/board/park/14816318?od=T31&po=1&category=&groupCd","이와중에 호주는 잘 틀어막고 있는가봅니다.","169","https://www.clien.net/service/board/park/14816278?od=T31&po=2&category=&groupCd","경기지역화폐 가맹점 아니여도 실물카드는 결제됩니다.","364","https://www.clien.net/service/board/park/14816234?od=T31&po=3&category=&groupCd","실내체육시설 운영지침 중 옷수건 제공 금지","1089","https://www.clien.net/service/board/park/14816187?od=T31&po=4&category=&groupCd","갈라파고스의 우체국","455","https://www.clien.net/service/board/park/14816148?od=T31&po=5&category=&groupCd","캣 워킹gif","755","https://www.clien.net/service/board/park/14816102?od=T31&po=6&category=&groupCd","LG전자도 결국 엣지 디스플레이를 적용하는군요ㄷㄷ","453","https://www.clien.net/service/board/park/14816057?od=T31&po=7&category=&groupCd","신세계 정용진 부회장 인스타에 올라온 아들 딸","246","https://www.clien.net/service/board/park/14816009?od=T31&po=8&category=&groupCd","똥일보고 손씻고 다시 스맛폰 만지면","6209","https://www.clien.net/service/board/park/14815975?od=T31&po=9&category=&groupCd","똥일보고 손씻고 다시 스맛폰 만지면","3486","https://www.clien.net/service/board/park/14815975?od=T31&po=9&category=&groupCd"
"요즘 상황 보면 퍼슨 오브 인터레스트.. 미드가 생각나요","1287","https://www.clien.net/service/board/park/14816366?od=T31&po=0&category=&groupCd","혼자 살아서 좋은 점","1173","https://www.clien.net/service/board/park/14816317?od=T31&po=1&category=&groupCd","비례대표 2차 토론회 보는 중인데요","730","https://www.clien.net/service/board/park/14816277?od=T31&po=2&category=&groupCd","오래 애정하던 클리앙, 이별은 쿨하게!","1157","https://www.clien.net/service/board/park/14816233?od=T31&po=3&category=&groupCd","결혼은 단점보다는 장점이 많네요","2204","https://www.clien.net/service/board/park/14816185?od=T31&po=4&category=&groupCd","민주당 후보들 현수막 디자인이 깔끔하고 세련됐네요","276","https://www.clien.net/service/board/park/14816147?od=T31&po=5&category=&groupCd","일본대사 '한국 정부·국민의 코로나19 방역노력에 경의'","1319","https://www.clien.net/service/board/park/14816101?od=T31&po=6&category=&groupCd","DB손해보험이 13년 후 유가족에게 돈을 청구한 사건은 좀 의야하네요","681","https://www.clien.net/service/board/park/14816056?od=T31&po=7&category=&groupCd","딴지펌/미통닭 후보 '제2 제3 세월호 침몰시켜 일자리 창출하자'","3294","https://www.clien.net/service/board/park/14816008?od=T31&po=8&category=&groupCd","비례 양당 지지자들에게 간곡히 드리는 말씀","1256","https://www.clien.net/service/board/park/14815974?od=T31&po=9&category=&groupCd","비례 양당 지지자들에게 간곡히 드리는 말씀","2382","https://www.clien.net/service/board/park/14815974?od=T31&po=9&category=&groupCd"
"싱가포르, '일일 최다' 142명 코로나19 신규 확진","946","https://www.clien.net/service/board/park/14816365?od=T31&po=0&category=&groupCd","키보드 충동구매했습니다","1261","https://www.clien.net/service/board/park/14816316?od=T31&po=1&category=&groupCd","재하다 추철아","1168","https://www.clien.net/service/board/park/14816276?od=T31&po=2&category=&groupCd","확실히 이런저런 물건 쇼핑하는 것도..","1129","https://www.clien.net/service/board/park/14816232?od=T31&po=3&category=&groupCd","요즘 부부 관계 횟수가 늘지 않으셨나요?","789","https://www.clien.net/service/board/park/14816184?od=T31&po=4&category=&groupCd","결혼하신 분들은 정말 대단한것 같습니다","665","https://www.clien.net/service/board/park/14816146?od=T31&po=5&category=&groupCd","누가 고양이 새끼를 버리고 갔답니다..","2691","https://www.clien.net/service/board/park/14816100?od=T31&po=6&category=&groupCd","이마트 새벽배송 웃기네요 ㅋㅋ","2375","https://www.clien.net/service/board/park/14816054?od=T31&po=7&category=&groupCd","다니엘 크레이그가 게으름 피지 말고 운동 나가라고 하네요.","2145","https://www.clien.net/service/board/park/14816007?od=T31&po=8&category=&groupCd","개표방송 어느채널 보실건가요?","3568","https://www.clien.net/service/board/park/14815973?od=T31&po=9&category=&groupCd","개표방송 어느채널 보실건가요?","1288","https://www.clien.net/service/board/park/14815973?od=T31&po=9&category=&groupCd"
"박사 수료를 박사로 인식하시는 분들이 계신듯하여...","649","https://www.clien.net/service/board/park/14816364?od=T31&po=0&category=&groupCd","매운데 맛있다는 대전 실비김치를 주문해 먹어봤습니다","253","https://www.clien.net/service/board/park/14816315?od=T31&po=1&category=&groupCd","코로나19 신규 39명·총1만423명…해외유입 23명·국내발생16명","553","https://www.clien.net/service/board/park/14816275?od=T31&po=2&category=&groupCd","플라이트 시뮬레이터 2020 테크알파 스샷유출","548","https://www.clien.net/service/board/park/14816231?od=T31&po=3&category=&groupCd","전 코로나 지원금못받네요","1304","https://www.clien.net/service/board/park/14816183?od=T31&po=4&category=&groupCd","재외국민에게도 공적마스크 판매할수 있게 준비중인가보네요","1338","https://www.clien.net/service/board/park/14816145?od=T31&po=5&category=&groupCd","(픽션) 강남 전직 북괴 외교관 후보님 질문있습니다!","890","https://www.clien.net/service/board/park/14816099?od=T31&po=6&category=&groupCd","방심하면 우리가 다시 보게 될 지도...","2545","https://www.clien.net/service/board/park/14816053?od=T31&po=7&category=&groupCd","비례는 12번으로 부모님도 섭외 했습니다.","1096","https://www.clien.net/service/board/park/14816006?od=T31&po=8&category=&groupCd","질병본도 깝깝하겠네요.. 에휴..","1425","https://www.clien.net/service/board/park/14815972?od=T31&po=9&category=&groupCd","질병본도 깝깝하겠네요.. 에휴..","948","https://www.clien.net/service/board/park/14815972?od=T31&po=9&category=&groupCd"
"그냥 열민당 뽑을래요.","2968","https://www.clien.net/service/board/park/14816408?od=T31&po=0&category=&groupCd","극혐주의) 오늘도 또 막말jpg","1095","https://www.clien.net/service/board/park/14816362?od=T31&po=1&category=&groupCd","비례대표토론회 보니까, 열린민주당의 필요성이...","515","https://www.clien.net/service/board/park/14816314?od=T31&po=2&category=&groupCd","솔직히 정의당이 제일 마음에 안 들거든요.","1347","https://www.clien.net/service/board/park/14816274?od=T31&po=3&category=&groupCd","지역구에 집중합시다","237","https://www.clien.net/service/board/park/14816229?od=T31&po=4&category=&groupCd","디즈니플러스 한국지사 개소, 코로나로 개점 휴업 상태","3407","https://www.clien.net/service/board/park/14816181?od=T31&po=5&category=&groupCd","몇해전 마누님께 차를 사줬습니다.","1515","https://www.clien.net/service/board/park/14816143?od=T31&po=6&category=&groupCd","그나마 페미니즘을 비판하는 분들을 보면..","1940","https://www.clien.net/service/board/park/14816097?od=T31&po=7&category=&groupCd","'모비우스' 개봉도 연기되었군요","1443","https://www.clien.net/service/board/park/14816052?od=T31&po=8&category=&groupCd","비례는 12번으로 부모님도 섭외 했습니다.","2120","https://www.clien.net/service/board/park/14816006?od=T31&po=9&category=&groupCd","비례는 12번으로 부모님도 섭외 했습니다.","649","https://www.clien.net/service/board/park/14816006?od=T31&po=9&category=&groupCd"
"교통량이 줄어들어 쾌청한 LA 스카이라인.jpg","282","https://www.clien.net/service/board/park/14816407?od=T31&po=0&category=&groupCd","저는 열린민주당을 응원합니다만,","1097","https://www.clien.net/service/board/park/14816361?od=T31&po=1&category=&groupCd","정의당 표를 뺏어오기 위해서는 시민당 비례 1~10번이 활약해줘야 합니다.","1013","https://www.clien.net/service/board/park/14816313?od=T31&po=2&category=&groupCd","서울 룸빵 집합금지의 여파","904","https://www.clien.net/service/board/park/14816270?od=T31&po=3&category=&groupCd","(차명진) 다시 봅니다. '이 XX가 어딜 도망가'","1321","https://www.clien.net/service/board/park/14816227?od=T31&po=4&category=&groupCd","현재 더불어민주당 입장은 옳습니다.","1041","https://www.clien.net/service/board/park/14816180?od=T31&po=5&category=&groupCd","일본을 보면 가장 적합한 용어는","865","https://www.clien.net/service/board/park/14816142?od=T31&po=6&category=&groupCd","공작예고 오늘인가보네요.","894","https://www.clien.net/service/board/park/14816096?od=T31&po=7&category=&groupCd","현수막(Placard)은 플래카드... 저희 집은 시민2 열린1","1230","https://www.clien.net/service/board/park/14816051?od=T31&po=8&category=&groupCd","일본이 필리핀처럼 될까요?","831","https://www.clien.net/service/board/park/14816005?od=T31&po=9&category=&groupCd","일본이 필리핀처럼 될까요?","2969","https://www.clien.net/service/board/park/14816005?od=T31&po=9&category=&groupCd"
